group,occupation,keyword,intent,gate_node
B_기술직,소프트웨어 개발자,개발자 되는 법,how_to,
B_기술직,소프트웨어 개발자,개발자 되려면,how_to,
B_기술직,소프트웨어 개발자,비전공자 개발자,how_to,
B_기술직,소프트웨어 개발자,코딩 부트캠프,prep,부트캠프
B_기술직,소프트웨어 개발자,정보처리기사,gate,정보처리기사
B_기술직,AI 엔지니어,AI 엔지니어 되는 법,how_to,
B_기술직,AI 엔지니어,인공지능 개발자 되려면,how_to,
B_기술직,AI 엔지니어,AI 대학원,gate,대학원 진학
B_기술직,데이터 분석가,데이터 분석가 되는 법,how_to,
B_기술직,데이터 분석가,데이터 분석가 되려면,how_to,
B_기술직,데이터 분석가,빅데이터분석기사,gate,빅데이터분석기사
B_기술직,데이터 분석가,ADsP,gate,ADsP
B_기술직,반도체 엔지니어,반도체 엔지니어 되는 법,how_to,
B_기술직,반도체 엔지니어,반도체 공정 엔지니어,how_to,
B_기술직,반도체 엔지니어,반도체 계약학과,gate,계약학과 입학
B_기술직,반도체 엔지니어,반도체 교육,prep,반도체 교육과정
B_기술직,정보보안 전문가,화이트해커 되는 법,how_to,
B_기술직,정보보안 전문가,정보보안 전문가 되려면,how_to,
B_기술직,정보보안 전문가,정보보안기사,gate,정보보안기사
B_기술직,전기 기술자,전기기사 취득,gate,전기기사
B_기술직,전기 기술자,전기기사 독학,prep,전기기사
B_기술직,전기 기술자,전기기능사,gate,전기기능사
B_기술직,자동차 정비사,자동차 정비사 되는 법,how_to,
B_기술직,자동차 정비사,자동차정비기능사,gate,자동차정비기능사
B_기술직,항공정비사,항공정비사 되는 법,how_to,
B_기술직,항공정비사,항공정비사 면허,gate,항공정비사 면허
B_기술직,항공정비사,항공정비 학과,gate,항공정비 학과 입학
