연관키워드,월간검색수(PC),월간검색수(모바일),월평균클릭수(PC),월평균클릭수(모바일),경쟁정도
변호사되는법,"1,336","2,521",0,0,낮음
변호사 되려면,"1,627","10,714",0,0,낮음
로스쿨 입학 조건,207,"1,236",0,0,낮음
LEET준비,< 10,< 10,0,0,낮음
변호사시험 합격률,< 10,78,0,0,낮음
판사되려면,395,"6,041",0,0,낮음
판사 임용 조건,"2,397","1,000",0,0,낮음
법관 임용,"2,088","3,567",0,0,낮음
검사되는법,163,"1,458",0,0,낮음
검사 되려면,"1,786","6,901",0,0,낮음
검사 임용,296,"3,993",0,0,낮음
의사되는법,381,"9,078",0,0,낮음
의사 되려면,"1,748","1,018",0,0,낮음
의대 가는 법,< 10,< 10,0,0,낮음
의대입시,"2,326","2,078",0,0,낮음
의사 국가고시,924,"10,382",0,0,낮음
회계사 되는 법,< 10,90,0,0,낮음
회계사되려면,"2,397","1,063",0,0,낮음
CPA 시험,"2,373","9,643",0,0,낮음
회계사 시험 준비,"1,634",862,0,0,낮음
변리사되는법,915,813,0,0,낮음
변리사 시험,"2,290","2,231",0,0,낮음
변리사시험준비,"1,196","6,917",0,0,낮음
세무사 되는 법,< 10,< 10,0,0,낮음
세무사 되려면,600,"8,908",0,0,낮음
세무사시험,492,"9,403",0,0,낮음
삼성전자 입사 방법,"1,273","9,229",0,0,낮음
삼성전자 들어가는 법,"2,803","3,011",0,0,낮음
삼성공채,< 10,23,0,0,낮음
GSAT 준비,"2,392","9,408",0,0,낮음
삼성 SW 역량테스트,"2,626","3,128",0,0,낮음
개발자되는법,"1,535","1,646",0,0,낮음
개발자 되려면,"2,253","11,717",0,0,낮음
비전공자 개발자,267,"9,296",0,0,낮음
코딩부트캠프,< 10,< 10,0,0,낮음
정보처리기사,254,"10,191",0,0,낮음
AI 엔지니어 되는 법,853,"8,183",0,0,낮음
AI 대학원,"2,796","8,761",0,0,낮음
데이터 분석가 되는 법,"1,761","5,196",0,0,낮음
데이터분석가되려면,"1,917","9,643",0,0,낮음
빅데이터분석기사,< 10,68,0,0,낮음
ADsP,"1,491","4,961",0,0,낮음
반도체엔지니어되는법,"1,027","2,995",0,0,낮음
반도체 공정 엔지니어,"2,873","4,049",0,0,낮음
반도체 계약학과,< 10,< 10,0,0,낮음
반도체교육,345,"9,461",0,0,낮음
화이트해커 되는 법,"1,239","8,654",0,0,낮음
정보보안 전문가 되려면,"2,037","5,677",0,0,낮음
정보보안기사,"2,997","7,403",0,0,낮음
전기기사 취득,"1,189","10,027",0,0,낮음
전기기사 독학,309,"1,984",0,0,낮음
전기기능사,"2,106","6,900",0,0,낮음
자동차 정비사 되는 법,685,"5,654",0,0,낮음
항공정비사되는법,632,"8,061",0,0,낮음
항공정비사 면허,< 10,< 10,0,0,낮음
항공정비 학과,"1,737",692,0,0,낮음
관련없는키워드,120,340,0,0,낮음
